{"cameraMode":{"drawMode":0,"name":"Shaded","section":"Shading Mode"},"sceneLighting":false,"audioPlay":false,"sceneViewState":{"showFog":true,"showMaterialUpdate":true,"showSkybox":true,"showFlares":true,"showImageEffects":true,"showParticleSystems":true},"in2DMode":false,"pivot":{"x":-0.11304089426994324,"y":0.0,"z":-0.034645646810531619},"rotation":{"x":0.3082658052444458,"y":0.11803396791219711,"z":-0.03857862204313278,"w":0.9431604743003845},"size":15.596256256103516,"orthographic":false}