{"cameraMode":{"drawMode":0,"name":"Shaded","section":"Shading Mode"},"sceneLighting":false,"audioPlay":false,"sceneViewState":{"showFog":true,"showMaterialUpdate":true,"showSkybox":true,"showFlares":true,"showImageEffects":true,"showParticleSystems":true},"in2DMode":false,"pivot":{"x":7.788627624511719,"y":10.167119979858399,"z":-1.1757373809814454},"rotation":{"x":-0.18378721177577973,"y":-0.2641083002090454,"z":0.05133919417858124,"w":-0.9454302191734314},"size":21.3216552734375,"orthographic":false}